City,Country,Continent,Elevation,Population,Latitude,Longitude,Koppen Classification
tirana,Albania,Europe,107,418495,41.3272,19.8186,Csa
algiers,Algeria,Africa,39,2712944,36.7325,3.0872,Csa
luanda,Angola,Africa,8,Unknown,-8.8383,13.2344,BSh
buenos_aires,Argentina,Americas,41,2965403,-34.6036,-58.3814,Cfa
oranjestad,Aruba,Americas,9,28295,12.5186,-70.0358,BSh
brisbane,Australia,Oceania,21,2176799,-27.4678,153.0281,Cfa
canberra,Australia,Oceania,577,356585,-35.2931,149.1269,Cfb
melbourne,Australia,Oceania,37,4269138,-37.8142,144.9631,Cfb
perth,Australia,Oceania,35,1945140,-31.9558,115.8597,Csa
sydney,Australia,Oceania,40,4451841,-33.8667,151.2,Cfa
graz,Austria,Europe,362,Unknown,47.0708,15.4386,Dfb
vienna,Austria,Europe,188,1766746,48.2083,16.3725,Cfb
antwerp,Belgium,Europe,13,498473,51.2178,4.4003,Cfb
brussels,Belgium,Europe,29,174383,50.8467,4.3525,Cfb
la_paz,Bolivia,Americas,3650,789585,-16.4958,-68.1333,Cwc
sucre,Bolivia,Americas,2806,193876,-19.0475,-65.26,BSk
brasília ,Brazuk,Americas,"1,000",2800000,-15.78,-47.93,Aw
curitiba,Brazil,Americas,913,1751907,-25.4297,-49.2719,Cfb
natal,Brazil,Americas,39,803739,-5.795,-35.2089,As
rio_de_janeiro,Brazil,Americas,16,6520266,-22.9111,-43.2056,Aw
São Paulo,Brazil,Americas,760,12500000,-23.5558,-46.6396,Cfa
sofia,Bulgaria,Europe,557,1210820,42.6979,23.3217,Cfb
phnom_penh,Cambodia,Asia,16,Unknown,11.5696,104.921,Am
calgary,Canada,Americas,1082,1265531,51.05,-114.0667,Dfc
edmonton,Canada,Americas,0,Unknown,53.5344,-113.4903,Dfb
montreal,Canada,Americas,22,1741296,45.5089,-73.5617,Dfb
ottawa,Canada,Americas,71,947031,45.4247,-75.695,Dfb
quebec_city,Canada,Americas,0,Unknown,46.8139,-71.2081,Dfb
toronto,Canada,Americas,90,2808503,43.7417,-79.3733,Dfb
vancouver,Canada,Americas,32,647540,49.25,-123.1,Cfb
santiago,Chile,Americas,585,5150010,-33.4372,-70.6506,Csb
beijing,China,Asia,51,11509595,39.9067,116.3975,Dwa
chongqing,China,Asia,201,9691901,29.5637,106.5504,Cfa
guangzhou,China,Asia,18,8524826,23.13,113.26,Cwa
hong_kong,China,Asia,4,7305700,22.3,114.2,Cwa
macau,China,Asia,43,642900,22.2006,113.5461,Cwa
shanghai,China,Asia,15,24150000,31.2286,121.4747,Cfa
shenzhen,China,Asia,11,7008831,22.5415,114.0596,Cwa
bogota,Colombia,Americas,2605,6763325,4.7111,-74.0722,Cfb
medellin,Colombia,Americas,1473,2183557,6.2308,-75.5906,Af
san_jose,Costa Rica,Americas,1155,333980,37.3012,-121.848,Csb
havana,Cuba,Americas,24,2125320,23.1367,-82.3589,Aw
larnaca,Cyprus,Europe,11,Unknown,34.9167,33.6333,Csa
limassol,Cyprus,Europe,11,Unknown,34.6747,33.0442,BSh
nicosia,Cyprus,Europe,149,Unknown,35.1725,33.365,BSh
prague,Czechia,Europe,201,1259079,50.0875,14.4214,Cfb
copenhagen,Denmark,Europe,13,583525,55.6805,12.5615,Cfb
kinshasa,DR Congo,Africa,284,Unknown,-4.3219,15.3119,Aw
cuenca,Ecuador,Americas,2546,331888,-2.8974,-79.0045,Cfb
quito,Ecuador,Americas,2815,1619146,-0.22,-78.5125,Cfb
cairo,Egypt,Africa,22,12000000,30.0444,31.2358,BWh
tallinn,Estonia,Europe,0,Unknown,59.4372,24.7453,Dfb
helsinki,Finland,Europe,13,616690,60.1708,24.9375,Dfb
aix-en-provence,France,Europe,0,Unknown,43.5263,5.4454,Csa
bordeaux,France,Europe,18,239156,44.84,-0.58,Cfb
cannes,France,Europe,11,73603,43.5513,7.0128,Csb
lyon,France,Europe,182,484343,45.76,4.84,Cfb
marseille,France,Europe,13,850725,43.2964,5.37,Csa
nice,France,Europe,15,343304,43.7034,7.2663,Csb
paris,France,Europe,39,2243833,48.8567,2.3522,Cfb
strasbourg,France,Europe,148,271781,48.5833,7.7458,Cfb
toulon,France,Europe,8,164531,43.1258,5.9306,Csa
toulouse,France,Europe,150,441801,43.6045,1.444,Cfb
tbilisi,Georgia,Antarctic,424,1062282,41.7225,44.7925,Cfa
berlin,Germany,Europe,54,3469849,52.52,13.405,Cfb
düsseldorf ,Germany,Europe,38,618000,51.223,6.7825,Cfb
frankfurt,Germany,Europe,105,717624,50.1106,8.6822,Cfb
hamburg,Germany,Europe,8,1762791,53.55,10,Cfb
munich,Germany,Europe,524,1429584,48.1375,11.575,Cfb
stuttgart,Germany,Europe,245,612441,48.7775,9.18,Cfb
accra,Ghana,Africa,0,Unknown,5.5461,-0.2067,Aw
athens,Greece,Europe,85,664046,37.9842,23.7281,Csa
thessaloniki,Greece,Europe,33,315196,40.6403,22.9356,Cfa
budapest,Hungary,Europe,110,1758512,47.4983,19.0408,Cfb
bangalore,India,Asia,910,4301326,12.9789,77.5917,Aw
chennai,India,Asia,11,4343645,13.0825,80.275,Aw
kolkata,India,Asia,15,4572876,22.5675,88.37,Aw
mumbai,India,Asia,6,11978450,19.0761,72.8775,Aw
new_delhi,India,Asia,215,9879172,28.6139,77.2089,Cwa
jakarta,Indonesia,Asia,3,9607787,-6.175,106.8275,Af
tehran,Iran,Asia,1184,8154051,35.6889,51.3897,Csa
baghdad,Iraq,Asia,37,3841268,33.3153,44.3661,BWh
dublin,Ireland,Europe,17,527612,53.3497,-6.2603,Cfb
Tel aviv,Israel,Asia,27,429514,32.0853,34.7818,Csa
bari,Italy,Europe,13,Unknown,41.1253,16.8667,Cfa
bologna,Italy,Europe,76,385191,44.4939,11.3428,Cfb
florence,Italy,Europe,52,379122,43.7714,11.2542,Cfb
genoa,Italy,Europe,31,594732,44.4072,8.934,Csb
milan,Italy,Europe,132,1330662,45.4669,9.19,Cfa
naples,Italy,Europe,18,983755,40.8358,14.2486,Csa
rome,Italy,Europe,37,2867671,41.8931,12.4828,Csa
turin,Italy,Europe,247,899455,45.0792,7.6761,Cfa
venice,Italy,Europe,10,264556,45.4397,12.3319,Cfa
fukuoka,Japan,Asia,12,1538681,33.59,130.4017,Cfa
kyoto,Japan,Asia,45,Unknown,35.0117,135.7683,Cfa
osaka,Japan,Asia,1,Unknown,34.6939,135.5022,Cfa
tokyo,Japan,Asia,43,9272740,35.687,139.7495,Cfa
riga,Latvia,Europe,16,640319,56.9475,24.1069,Dfb
beirut,Lebanon,Asia,61,361366,33.8981,35.5058,Csa
tripoli,Libya,Africa,4,Unknown,32.8872,13.1914,BSh
luxembourg,Luxembourg,Europe,313,111287,49.6117,6.1319,Cfb
kuala_lumpur,Malaysia,Asia,44,1588750,3.1686,101.698,Af
valletta,Malta,Europe,56,Unknown,35.8983,14.5125,Csa
mexico_city,Mexico,Americas,2242,8851080,19.4333,-99.1333,Cwb
chisinau,Moldova,Europe,86,669693,47.0228,28.8353,Dfb
casablanca,Morocco,Africa,18,Unknown,33.5333,-7.5833,Csa
marrakesh,Niricci,Afruca,475,1100000,31.6225,-7.9898,Bsh
amsterdam,Netherlands,Americas,14,821752,52.3728,4.8936,Cfb
utrecht,Netherlands,Americas,14,Unknown,52.0908,5.1217,Cfb
auckland,New Zealand,Oceania,42,1569900,-36.8492,174.7653,Cfb
lagos,Nigeria,Africa,12,21000000,6.455,3.3841,Aw
oslo,Norway,Europe,24,634293,59.9133,10.7389,Dfb
karachi,Pakistan,Asia,5,9339023,24.86,67.01,BWh
panama_city,Panama,Americas,0,Unknown,8.9711,-79.5347,Am
asuncion,Paraguay,Americas,117,513399,-25.2945,-57.6435,Cfa
lima,Peru,Americas,158,8472935,-12.06,-77.0375,BWh
manila,Philippines,Asia,16,1780148,14.5958,120.9772,Af
warsaw,Poland,Europe,108,1735391,52.23,21.0111,Cfb
aveiro,Portugal,Europe,8,Unknown,40.6389,-8.6553,Csb
braga,Portugal,Europe,188,136885,41.5503,-8.42,Csb
coimbra,Portugal,Europe,30,105842,40.2111,-8.4289,Csb
funchal,Portugal,Europe,9,111541,32.65,-16.9167,Csb
lisbon,Portugal,Europe,60,506891,38.7122,-9.134,Csa
porto,Portugal,Europe,91,216405,41.1495,-8.6108,Csb
doha,Qatar,Asia,13,796947,25.2867,51.5333,BWh
bucharest,Romania,Europe,72,1859322,44.4325,26.1039,Cfb
arkhangelsk,Russia,Europe,1,350258,64.5431,40.5375,Dfc
moscow,Russia,Europe,151,12380664,55.7506,37.6175,Dfb
novosibirsk,Russia,Europe,150,1511369,55.05,82.95,Dfb
orenburg,Russia,Europe,110,555420,51.7833,55.1,Dfa
rostov-on-don,Russia,Europe,62,1100091,47.2357,39.7015,Dfa
simferopol,Russia,Europe,251,331936,44.9519,34.1022,Cfa
sochi,Russia,Europe,3,364171,43.5853,39.7203,Cfa
st._petersburg,Russia,Europe,0,Unknown,27.7931,-82.6652,Cfa
vladivostok,Russia,Europe,5,598927,43.115,131.8853,Dwb
riyadh,Saudi Arabia,Asia,589,5188286,24.65,46.71,BWh
belgrade,Serbia,Europe,131,1369401,44.8178,20.4569,Cfa
singapore,Singapore,Asia,15,5535002,1.3,103.8,Af
bratislava,Slovakia,Europe,149,421305,48.1447,17.1128,Cfb
cape_town,South Africa,Africa,0,Unknown,-33.9253,18.4239,Csb
johannesburg,South Africa,Africa,0,Unknown,-26.2044,28.0456,Cwb
seoul,South Korea,Asia,42,9860372,37.5667,126.9833,Dwa
barcelona,Spain,Europe,22,1607104,41.3833,2.1833,Cfb
bilbao,Spain,Europe,21,347965,43.2569,-2.9236,Cfb
cordoba,Spain,Europe,123,328373,-31.4167,-64.1833,Cwa
donostia-san_sebastian,Spain,Europe,6,188000,43.3182,-1.9817,Cfb
girona,Spain,Europe,73,Unknown,41.9844,2.8211,Cfb
las_palmas_de_gran_canaria,Spain,Europe,8,380000,28.1235,-15.4363,BWh
madrid,Spain,Europe,661,3186241,40.4169,-3.7033,Csa
malaga,Spain,Europe,16,567696,36.7194,-4.42,Csa
marbella,Spain,Europe,25,140349,36.5167,-4.8833,Csa
palma_de_mallorca,Spain,Europe,5,438000,39.5727,2.6569,Csa
sabadell,Spain,Europe,198,207547,41.5486,2.1075,Cfb
salamanca,Spain,Europe,805,148785,20.5703,-101.1972,Cwa
seville,Spain,Europe,18,698423,37.3891,-5.9845,Csa
valencia,Spain,Europe,19,789364,10.1833,-68,Aw
colombo,Sri Lanka,Asia,20,647100,6.9167,79.8333,Af
stockholm,Sweden,Europe,18,789024,59.3275,18.0547,Dfb
geneva,Switzerland,Europe,411,194565,46.2017,6.1469,Cfb
lausanne,Switzerland,Europe,501,Unknown,46.52,6.6333,Cfb
zurich,Switzerland,Europe,411,391359,47.3744,8.5411,Cfb
taipei,Taiwan,Asia,16,Unknown,25.0375,121.5625,Cfa
bangkok,Thailand,Asia,8,Unknown,13.7525,100.4942,Aw
istanbul,Turkey,Asia,42,Unknown,41.0136,28.955,Csa
abu_dhabi,UAE,Asia,0,Unknown,24.4667,54.3667,BWh
dubai,UAE,Asia,2,Unknown,25.2631,55.2972,BWh
bangor_(north_wales),Uk,Asia,44,15060,53.2274,-4.1293,Cfb
birmingham,UK,Asia,149,1085810,52.48,-1.9025,Cfb
brighton,UK,Asia,12,Unknown,50.8208,-0.1375,Cfb
edinburgh,UK,Asia,75,482005,55.95,-3.1833,Cfb
glasgow,UK,Asia,36,1209143,55.8611,-4.25,Cfb
london,UK,Asia,34,8135667,51.5072,-0.1275,Cfb
manchester,UK,Asia,55,510746,53.479,-2.2452,Cfb
kiev,Ukraine,Europe,156,2803716,50.4504,30.5245,Dfb
montevideo,Uruguay,Americas,0,Unknown,-34.9056,-56.1842,Cfa
atlanta,USA,Americas,0,Unknown,33.7628,-84.422,Cfa
boston,USA,Americas,6,667137,42.3188,-71.0852,Dfa
chicago,USA,Americas,181,2720546,41.8375,-87.6866,Dfa
cleveland,USA,Americas,199,388072,41.4764,-81.6805,Dfa
dallas,USA,Americas,129,1300092,32.7935,-96.7667,Cfa
denver,USA,Americas,1596,682545,39.762,-104.8758,Dfb
houston,USA,Americas,14,2296224,29.786,-95.3885,Cfa
los_angeles,USA,Americas,82,3971883,34.1141,-118.4068,Csb
miami,USA,Americas,1,441003,25.784,-80.2101,Am
minneapolis,USA,Americas,258,410939,44.9635,-93.2678,Dfa
new_orleans,USA,Americas,2,389617,30.0687,-89.9288,Cfa
new_york,USA,Americas,14,8550405,40.6943,-73.9249,Cfa
philadelphia,USA,Americas,12,1567442,40.0077,-75.1339,Cfa
pittsburgh,USA,Americas,221,Unknown,40.4397,-79.9763,Dfb
portland,USA,Americas,20,632309,45.5371,-122.65,Csb
saint_louis,USA,Americas,0,Unknown,38.6359,-90.2451,Cfa
san_francisco,USA,Americas,19,864816,37.7558,-122.4449,Csb
san_jose,USA,Americas,26,1026908,37.3012,-121.848,Csb
santa_fe,USA,Americas,2130,Unknown,-31.6333,-60.7,Cfa
seattle,USA,Americas,10,684451,47.6211,-122.3244,Csb
washington,USA,Americas,0,Unknown,38.9047,-77.0163,Cfa
caracas,Venezuela,Americas,887,2082130,10.4806,-66.9036,Aw
hanoi,Vietnam,Asia,20,Unknown,21,105.85,Cwa
ho_chi_minh,Vietnam,Asia,12,9300000,10.8231,106.6297,Aw
