city,average_error,valid_percentage,removed_percentage,status,filter_threshold,keep_city_threshold
ABILENE TX,3.893218623,0.777034998,0.222965002,Kept,15,0.75
AKRON CANTON,4.442584964,0.763664963,0.236335037,Kept,15,0.75
ALBANY NY,4.556527094,0.79826976,0.20173024,Kept,15,0.75
ALBUQUERQUE,3.168760647,0.923318915,0.076681085,Kept,15,0.75
ALLENTOWN,4.461640212,0.817538341,0.182461659,Kept,15,0.75
AMARILLO,4.102598809,0.726307511,0.273692489,Removed,15,0.75
ANCHORAGE,2.838954469,0.932756587,0.067243413,Kept,15,0.75
ASHEVILLE,3.944392741,0.845064884,0.154935116,Kept,15,0.75
ATLANTA,3.673390752,0.867479355,0.132520645,Kept,15,0.75
ATLANTIC CITY,4.341622405,0.81439245,0.18560755,Kept,15,0.75
AUSTIN,3.249878108,0.806527723,0.193472277,Kept,15,0.75
BALTIMORE,4.302727716,0.807314196,0.192685804,Kept,15,0.75
BATON ROUGE,3.020119048,0.825796304,0.174203696,Kept,15,0.75
BILLINGS,4.329038652,0.793550924,0.206449076,Kept,15,0.75
BIRMINGHAM,3.566785714,0.825796304,0.174203696,Kept,15,0.75
BISMARCK,4.806701031,0.76287849,0.23712151,Kept,15,0.75
BOISE,3.724209833,0.895792371,0.104207629,Kept,15,0.75
BOSTON,4.47225,0.78647267,0.21352733,Kept,15,0.75
BRIDGEPORT,4.185868071,0.858434919,0.141565081,Kept,15,0.75
BROWNSVILLE,2.546132972,0.869445537,0.130554463,Kept,15,0.75
BUFFALO,4.517591675,0.793550924,0.206449076,Kept,15,0.75
BURLINGTON VT,4.713399189,0.776248525,0.223751475,Kept,15,0.75
CARIBOU,4.74150027,0.728666929,0.271333071,Removed,15,0.75
CASPER,4.540582726,0.755800236,0.244199764,Kept,15,0.75
CHARLESTON SC,3.44375,0.865119937,0.134880063,Kept,15,0.75
CHARLESTON WV,4.320482247,0.742036964,0.257963036,Removed,15,0.75
CHARLOTTE,3.885793872,0.847031066,0.152968934,Kept,15,0.75
CHATTANOOGA,3.674267101,0.845064884,0.154935116,Kept,15,0.75
CHEYENNE,4.355340064,0.740070783,0.259929217,Removed,15,0.75
CHICAGO,4.464213198,0.77467558,0.22532442,Kept,15,0.75
CINCINNATI,4.349096839,0.783720016,0.216279984,Kept,15,0.75
CLEVELAND,4.429726997,0.777821471,0.222178529,Kept,15,0.75
COLORADO SPGS,4.231687898,0.740857255,0.259142745,Removed,15,0.75
COLUMBIA SC,3.759431765,0.844278411,0.155721589,Kept,15,0.75
COLUMBUS GA,3.422103102,0.861974046,0.138025954,Kept,15,0.75
COLUMBUS OH,4.366716867,0.783326779,0.216673221,Kept,15,0.75
CONCORD NH,4.811154856,0.749115218,0.250884782,Removed,15,0.75
CORPUS CHRISTI,2.787958716,0.85725521,0.14274479,Kept,15,0.75
DALLAS FT WORTH,3.5583174,0.822650413,0.177349587,Kept,15,0.75
DAYTON,4.411591607,0.768383799,0.231616201,Kept,15,0.75
DAYTONA BEACH,2.517449517,0.895792371,0.104207629,Kept,15,0.75
DENVER,4.15345474,0.734172238,0.265827762,Removed,15,0.75
DES MOINES,4.383088979,0.777821471,0.222178529,Kept,15,0.75
DETROIT,4.331598865,0.831301612,0.168698388,Kept,15,0.75
DULUTH,4.525262631,0.786079434,0.213920566,Kept,15,0.75
EL PASO,3.072719449,0.913881243,0.086118757,Kept,15,0.75
ELKINS,4.485926713,0.740464019,0.259535981,Removed,15,0.75
ERIE,4.234329797,0.815572159,0.184427841,Kept,15,0.75
EUGENE,3.546736842,0.933936296,0.066063704,Kept,15,0.75
EVANSVILLE,4.303994083,0.797483287,0.202516713,Kept,15,0.75
FAIRBANKS,3.667450611,0.836020448,0.163979552,Kept,15,0.75
FARGO,4.809745982,0.75855289,0.24144711,Kept,15,0.75
FLAGSTAFF,3.20261578,0.917027133,0.082972867,Kept,15,0.75
FLINT,4.532651072,0.806920959,0.193079041,Kept,15,0.75
FORT SMITH,3.908568693,0.821470704,0.178529296,Kept,15,0.75
FORT WAYNE,4.372329856,0.791584742,0.208415258,Kept,15,0.75
FRESNO,2.886230059,0.93668895,0.06331105,Kept,15,0.75
GOODLAND,4.522870212,0.68777035,0.31222965,Removed,15,0.75
GRAND JUNCTION,3.286471861,0.908375934,0.091624066,Kept,15,0.75
GRAND RAPIDS,4.320382617,0.832481321,0.167518679,Kept,15,0.75
GREAT FALLS,4.683755165,0.761305545,0.238694455,Kept,15,0.75
GREEN BAY,4.484686255,0.789618561,0.210381439,Kept,15,0.75
GREENSBORO,4.12164751,0.821077468,0.178922532,Kept,15,0.75
HARRISBURG,4.39780848,0.825403067,0.174596933,Kept,15,0.75
HARTFORD SPGFLD,4.642770204,0.807707432,0.192292568,Kept,15,0.75
HELENA,4.144359465,0.822650413,0.177349587,Kept,15,0.75
HONOLULU,0.958967503,0.95595753,0.04404247,Kept,15,0.75
HOUSTON INTCNTL,3.024763033,0.829728667,0.170271333,Kept,15,0.75
HUNTSVILLE AL,3.841052376,0.810853323,0.189146677,Kept,15,0.75
INDIANAPOLIS,4.358013937,0.790011797,0.209988203,Kept,15,0.75
JACKSON MS,3.449220595,0.832481321,0.167518679,Kept,15,0.75
JACKSONVILLE,2.926907264,0.860794337,0.139205663,Kept,15,0.75
JUNEAU,2.771820449,0.946126622,0.053873378,Kept,15,0.75
KANSAS CITY,4.443544171,0.752261109,0.247738891,Kept,15,0.75
KEY WEST,1.450763832,0.952418403,0.047581597,Kept,15,0.75
KNOXVILLE,3.779133112,0.830121903,0.169878097,Kept,15,0.75
LAKE CHARLES,2.907729805,0.847031066,0.152968934,Kept,15,0.75
LANSING,4.454259439,0.812426268,0.187573732,Kept,15,0.75
LAS VEGAS,2.623162537,0.936295714,0.063704286,Kept,15,0.75
LEXINGTON,4.334405558,0.764058199,0.235941801,Kept,15,0.75
SALEM OR,3.578276443,0.930588235,0.069411765,Kept,15,0.75
SALT LAKE CITY,3.59961729,0.870980392,0.129019608,Kept,15,0.75
SAN ANGELO,3.634309831,0.789803922,0.210196078,Kept,15,0.75
SAN ANTONIO,3.089653558,0.837647059,0.162352941,Kept,15,0.75
SAN DIEGO,1.872625929,0.949803922,0.050196078,Kept,15,0.75
SAN FRANCISCO,1.992780528,0.950588235,0.049411765,Kept,15,0.75
SAN JOSE,2.640605558,0.945490196,0.054509804,Kept,15,0.75
SAN JUAN PR,1.016598361,0.956862745,0.043137255,Kept,15,0.75
SANTA FE,3.327380952,0.922352941,0.077647059,Kept,15,0.75
ST STE MARIE,4.4771611,0.798431373,0.201568627,Kept,15,0.75
SAVANNAH,3.314137308,0.868235294,0.131764706,Kept,15,0.75
SEATTLE,2.940033431,0.938431373,0.061568627,Kept,15,0.75
SHREVEPORT,3.531547619,0.823529412,0.176470588,Kept,15,0.75
SIOUX CITY,4.660115304,0.748235294,0.251764706,Removed,15,0.75
SIOUX FALLS,4.76022848,0.738039216,0.261960784,Removed,15,0.75
SOUTH BEND,4.421052632,0.797254902,0.202745098,Kept,15,0.75
SPOKANE,3.54437934,0.903529412,0.096470588,Kept,15,0.75
SPRINGFIELD IL,4.442616775,0.780784314,0.219215686,Kept,15,0.75
SPRINGFIELD MO,4.347494835,0.759215686,0.240784314,Kept,15,0.75
SYRACUSE,4.655120482,0.781176471,0.218823529,Kept,15,0.75
TALLAHASSEE,3.064684521,0.863921569,0.136078431,Kept,15,0.75
TAMPA,2.320309146,0.913333333,0.086666667,Kept,15,0.75
TOLEDO,4.450837851,0.795686275,0.204313725,Kept,15,0.75
TOPEKA,4.561983471,0.759215686,0.240784314,Kept,15,0.75
TUCSON,2.945338983,0.925490196,0.074509804,Kept,15,0.75
TULSA,4.120072614,0.756078431,0.243921569,Kept,15,0.75
TUPELO,3.778351754,0.816078431,0.183921569,Kept,15,0.75
WACO,3.465216323,0.797647059,0.202352941,Kept,15,0.75
WASHINGTON DC,4.224463007,0.821568627,0.178431373,Kept,15,0.75
W PALM BEACH,1.865168539,0.942352941,0.057647059,Kept,15,0.75
WICHITA,4.339984748,0.771372549,0.228627451,Kept,15,0.75
WICHITA FALLS,3.981606607,0.783529412,0.216470588,Kept,15,0.75
WILKES BARRE,4.621130221,0.798039216,0.201960784,Kept,15,0.75
WILMINGTON DE,4.24702381,0.823529412,0.176470588,Kept,15,0.75
YAKIMA,3.504299497,0.934901961,0.065098039,Kept,15,0.75
YOUNGSTOWN,4.568216855,0.763137255,0.236862745,Kept,15,0.75
YUMA,2.408697444,0.951372549,0.048627451,Kept,15,0.75
LINCOLN,4.65158195,0.755782046,0.244217954,Kept,15,0.75
LITTLE ROCK,3.970813953,0.842806742,0.157193258,Kept,15,0.75
LOS ANGELES,2.471654856,0.940415523,0.059584477,Kept,15,0.75
LOUISVILLE,4.313159216,0.780478244,0.219521756,Kept,15,0.75
LUBBOCK,4.015808261,0.76871815,0.23128185,Kept,15,0.75
MACON,3.535185185,0.846726774,0.153273226,Kept,15,0.75
MADISON,4.523345305,0.764014112,0.235985888,Kept,15,0.75
MEDFORD,3.755676949,0.914935319,0.085064681,Kept,15,0.75
MEMPHIS,3.924608819,0.826734614,0.173265386,Kept,15,0.75
MIAMI BEACH,1.753221114,0.943159545,0.056840455,Kept,15,0.75
MIDLAND ODESSA,3.752429543,0.806742454,0.193257546,Kept,15,0.75
MILWAUKEE,4.207535592,0.798510388,0.201489612,Kept,15,0.75
MPLS ST PAUL,4.52435312,0.772638181,0.227361819,Kept,15,0.75
MISSOULA,3.954409738,0.853390827,0.146609173,Kept,15,0.75
MOBILE,2.979805014,0.844374755,0.155625245,Kept,15,0.75
MONTGOMERY,3.297384837,0.816934535,0.183065465,Kept,15,0.75
NASHVILLE,4.066262136,0.80752646,0.19247354,Kept,15,0.75
NEW ORLEANS,2.725810081,0.871030968,0.128969032,Kept,15,0.75
NEW YORK CITY,4.228113296,0.837318699,0.162681301,Kept,15,0.75
NEWARK,4.221098953,0.823990592,0.176009408,Kept,15,0.75
NORFOLK VA,3.878681796,0.811838495,0.188161505,Kept,15,0.75
NORTH PLATTE,4.509269357,0.718933751,0.281066249,Removed,15,0.75
OKLAHOMA CITY,4.134364002,0.779694238,0.220305762,Kept,15,0.75
OMAHA,4.485055724,0.773814191,0.226185809,Kept,15,0.75
ORLANDO,2.481606443,0.900431203,0.099568797,Kept,15,0.75
PADUCAH,4.188991719,0.804782438,0.195217562,Kept,15,0.75
PENDLETON,3.933893196,0.910231282,0.089768718,Kept,15,0.75
PEORIA,4.458207831,0.780870247,0.219129753,Kept,15,0.75
PHILADELPHIA,4.256708194,0.818110545,0.181889455,Kept,15,0.75
PHOENIX,2.542848207,0.94002352,0.05997648,Kept,15,0.75
PITTSBURGH,4.45,0.772246178,0.227753822,Kept,15,0.75
POCATELLO,3.92180468,0.871030968,0.128969032,Kept,15,0.75
PORTLAND ME,4.377135188,0.803214426,0.196785574,Kept,15,0.75
PORTLAND OR,3.439183502,0.931399451,0.068600549,Kept,15,0.75
PROVIDENCE,4.361788618,0.819678557,0.180321443,Kept,15,0.75
PUEBLO,4.210330138,0.736181889,0.263818111,Removed,15,0.75
RALEIGH DURHAM,4.243125904,0.812622501,0.187377499,Kept,15,0.75
RAPID CITY,4.625637394,0.691885535,0.308114465,Removed,15,0.75
RENO,3.423538394,0.898471188,0.101528812,Kept,15,0.75
RICHMOND,4.375497512,0.787926303,0.212073697,Kept,15,0.75
ROANOKE,4.271600567,0.830262642,0.169737358,Kept,15,0.75
ROCHESTER NY,4.738507168,0.793022344,0.206977656,Kept,15,0.75
ROCKFORD,4.607765249,0.764798118,0.235201882,Kept,15,0.75
SACRAMENTO,3.115715485,0.934143473,0.065856527,Kept,15,0.75
ST LOUIS,4.321501794,0.764798118,0.235201882,Kept,15,0.75
ST PETERSBURG,2.040788364,0.929831439,0.070168561,Kept,15,0.75
ST THOMAS VI,0.977104723,0.954527636,0.045472364,Kept,15,0.75
